RegionID,SizeRank,RegionName,RegionType,StateName,State,City,Metro,CountyName,2019-01-31,2019-02-28,2019-03-31,2019-04-30,2019-05-31,2019-06-30,2019-07-31,2019-08-31,2019-09-30,2019-10-31,2019-11-30,2019-12-31
61639,0,10025,Zip,NY,NY,New York,New York-Newark-Jersey City,New York County,1083891.0,1095244.0,1116158.0,1110777.0,1110752.0,1100678.0,1081990.0,1056843.0,1052388.0,1056984.0,1068839.0,1065266.0
61637,2,10023,Zip,NY,NY,New York,New York-Newark-Jersey City,New York County,1135281.0,1109912.0,1109211.0,1096399.0,1094837.0,1090185.0,1090223.0,1083327.0,1062489.0,1056177.0,1064622.0,1090206.0
61616,6,10002,Zip,NY,NY,New York,New York-Newark-Jersey City,New York County,982881.0,995844.0,1010738.0,1000755.0,1000298.0,1008917.0,1022677.0,1024317.0,1015084.0,1014887.0,1012636.0,1037946.0
62037,10,11226,Zip,NY,NY,New York,New York-Newark-Jersey City,Kings County,627655.0,642478.0,659393.0,668787.0,666941.0,662393.0,656451.0,648913.0,647485.0,637022.0,627307.0,614754.0
61807,11,10467,Zip,NY,NY,New York,New York-Newark-Jersey City,Bronx County,169886.0,171180.0,172950.0,174116.0,174988.0,175537.0,177673.0,179822.0,184652.0,189184.0,191028.0,191290.0
61630,15,10016,Zip,NY,NY,New York,New York-Newark-Jersey City,New York County,813116.0,804293.0,798945.0,796738.0,798654.0,795067.0,795244.0,786025.0,776190.0,767719.0,764089.0,766487.0
62012,19,11201,Zip,NY,NY,New York,New York-Newark-Jersey City,Kings County,947051.0,955544.0,963373.0,968357.0,973330.0,981657.0,978790.0,972302.0,978430.0,985057.0,989154.0,976404.0
62045,20,11235,Zip,NY,NY,New York,New York-Newark-Jersey City,Kings County,377219.0,378776.0,378488.0,377308.0,377481.0,379950.0,382308.0,381593.0,379698.0,378033.0,379331.0,380425.0
62087,21,11375,Zip,NY,NY,New York,New York-Newark-Jersey City,Queens County,432188.0,434660.0,438302.0,439836.0,442273.0,441616.0,437286.0,432849.0,427424.0,426181.0,423363.0,425169.0
61643,25,10029,Zip,NY,NY,New York,New York-Newark-Jersey City,New York County,1020691.0,945513.0,874740.0,801022.0,759846.0,719997.0,714281.0,699089.0,701634.0,687665.0,661210.0,647407.0
61623,26,10009,Zip,NY,NY,New York,New York-Newark-Jersey City,New York County,840877.0,845095.0,867052.0,892356.0,901583.0,877277.0,863688.0,841638.0,828781.0,807954.0,798327.0,806328.0
61625,30,10011,Zip,NY,NY,New York,New York-Newark-Jersey City,New York County,1174229.0,1152803.0,1132985.0,1105496.0,1098971.0,1095596.0,1098770.0,1088172.0,1075484.0,1058832.0,1045441.0,1037389.0
61703,32,10128,Zip,NY,NY,New York,New York-Newark-Jersey City,New York County,1116204.0,1118943.0,1122118.0,1113191.0,1110395.0,1107586.0,1108024.0,1092682.0,1075284.0,1057821.0,1056111.0,1055351.0
62017,42,11206,Zip,NY,NY,New York,New York-Newark-Jersey City,Kings County,655044.0,647075.0,643330.0,636375.0,636295.0,621797.0,604601.0,585940.0,579076.0,574629.0,567029.0,565248.0
61802,49,10462,Zip,NY,NY,New York,New York-Newark-Jersey City,Bronx County,168722.0,170838.0,173755.0,176039.0,176914.0,178251.0,180098.0,182207.0,183842.0,186147.0,187504.0,189624.0
61796,50,10456,Zip,NY,NY,New York,New York-Newark-Jersey City,Bronx County,267905.0,269172.0,270525.0,272175.0,271844.0,271029.0,274649.0,280436.0,289528.0,294971.0,299524.0,301253.0
61633,53,10019,Zip,NY,NY,New York,New York-Newark-Jersey City,New York County,1116036.0,1100824.0,1089336.0,1075837.0,1066771.0,1065527.0,1071757.0,1073124.0,1063730.0,1050913.0,1044096.0,1044828.0
61617,55,10003,Zip,NY,NY,New York,New York-Newark-Jersey City,New York County,1159478.0,1155407.0,1121947.0,1083968.0,1066698.0,1061171.0,1059030.0,1022577.0,991878.0,965720.0,973882.0,989164.0
62040,59,11230,Zip,NY,NY,New York,New York-Newark-Jersey City,Kings County,485523.0,490903.0,492950.0,495099.0,494493.0,501216.0,507875.0,514623.0,513936.0,509797.0,505277.0,501952.0
62023,60,11212,Zip,NY,NY,New York,New York-Newark-Jersey City,Kings County,457003.0,458289.0,463736.0,469249.0,472675.0,473573.0,472775.0,471921.0,467070.0,463856.0,463451.0,466137.0
61803,62,10463,Zip,NY,NY,New York,New York-Newark-Jersey City,New York County,272032.0,277941.0,286701.0,291929.0,294915.0,295372.0,296839.0,298706.0,302020.0,303428.0,305804.0,311669.0
62020,64,11209,Zip,NY,NY,New York,New York-Newark-Jersey City,Kings County,503669.0,500537.0,501258.0,507748.0,513449.0,516997.0,515627.0,514983.0,512526.0,507146.0,503503.0,500788.0
62032,66,11221,Zip,NY,NY,New York,New York-Newark-Jersey City,Kings County,1100870.0,1095269.0,1094620.0,1094458.0,1091252.0,1084848.0,1086574.0,1084562.0,1094936.0,1098505.0,1100337.0,1095652.0
61638,76,10024,Zip,NY,NY,New York,New York-Newark-Jersey City,New York County,1455502.0,1440084.0,1440176.0,1415628.0,1427702.0,1431485.0,1419602.0,1401794.0,1394620.0,1404920.0,1424056.0,1435741.0
62025,85,11214,Zip,NY,NY,New York,New York-Newark-Jersey City,Kings County,474640.0,475184.0,475719.0,476305.0,478986.0,479391.0,479927.0,478081.0,475065.0,472219.0,469796.0,467954.0
62018,87,11207,Zip,NY,NY,New York,New York-Newark-Jersey City,Kings County,462156.0,461840.0,463596.0,465565.0,467443.0,467317.0,467899.0,468774.0,470470.0,469521.0,469359.0,469923.0
62039,91,11229,Zip,NY,NY,New York,New York-Newark-Jersey City,Kings County,545657.0,546939.0,548731.0,550952.0,551553.0,552556.0,554280.0,554382.0,552763.0,550561.0,550526.0,551109.0
61798,97,10458,Zip,NY,NY,New York,New York-Newark-Jersey City,Bronx County,187357.0,191853.0,198612.0,201241.0,202804.0,201429.0,202205.0,203003.0,203288.0,201184.0,197548.0,195370.0
62022,107,11211,Zip,NY,NY,New York,New York-Newark-Jersey City,Kings County,968989.0,969059.0,972305.0,972711.0,978636.0,980718.0,979164.0,972844.0,971333.0,970820.0,967761.0,966215.0
62088,110,11377,Zip,NY,NY,New York,New York-Newark-Jersey City,Queens County,430243.0,426573.0,423724.0,425865.0,429808.0,432131.0,431439.0,429752.0,431482.0,431024.0,433726.0,433654.0
61793,111,10453,Zip,NY,NY,New York,New York-Newark-Jersey City,Bronx County,415164.0,416965.0,424904.0,433010.0,438547.0,442295.0,449809.0,456555.0,456313.0,453767.0,453377.0,460780.0
62044,119,11234,Zip,NY,NY,New York,New York-Newark-Jersey City,Kings County,624321.0,625336.0,626052.0,626682.0,626032.0,624898.0,623633.0,621209.0,617607.0,614912.0,613262.0,613604.0
62067,122,11355,Zip,NY,NY,New York,New York-Newark-Jersey City,Queens County,483382.0,483403.0,485066.0,484152.0,483308.0,481168.0,479100.0,477483.0,475199.0,474490.0,472790.0,473417.0
62048,123,11238,Zip,NY,NY,New York,New York-Newark-Jersey City,Kings County,897854.0,895688.0,899215.0,900659.0,903331.0,911054.0,916684.0,913921.0,909199.0,901912.0,888455.0,869876.0
61790,125,10314,Zip,NY,NY,New York,New York-Newark-Jersey City,Richmond County,560434.0,560051.0,557603.0,554467.0,552171.0,550833.0,550873.0,549064.0,550150.0,549327.0,548101.0,545261.0
62026,129,11215,Zip,NY,NY,New York,New York-Newark-Jersey City,Kings County,1163365.0,1167724.0,1172156.0,1172405.0,1174362.0,1175297.0,1170228.0,1156582.0,1150881.0,1145668.0,1136996.0,1118312.0
61792,130,10452,Zip,NY,NY,New York,New York-Newark-Jersey City,Bronx County,290728.0,286276.0,285642.0,291595.0,295370.0,291510.0,282300.0,281793.0,285905.0,285239.0,279764.0,275454.0
62093,167,11385,Zip,NY,NY,New York,New York-Newark-Jersey City,Queens County,691475.0,691147.0,691082.0,690914.0,689898.0,689207.0,687710.0,686552.0,684352.0,684782.0,683947.0,683956.0
61808,183,10468,Zip,NY,NY,New York,New York-Newark-Jersey City,Bronx County,205500.0,210741.0,215482.0,215456.0,214663.0,213152.0,211736.0,210620.0,209174.0,209121.0,211885.0,214988.0
62085,184,11373,Zip,NY,NY,New York,New York-Newark-Jersey City,Queens County,410964.0,412550.0,412779.0,413709.0,414655.0,415893.0,414710.0,413069.0,410078.0,408661.0,406329.0,404723.0
61642,205,10028,Zip,NY,NY,New York,New York-Newark-Jersey City,New York County,1476249.0,1467019.0,1469574.0,1448429.0,1437491.0,1408754.0,1395867.0,1400177.0,1417388.0,1409411.0,1397154.0,1389933.0
62043,217,11233,Zip,NY,NY,New York,New York-Newark-Jersey City,Kings County,806910.0,805539.0,807912.0,810539.0,816741.0,818865.0,821478.0,819691.0,818127.0,817263.0,813526.0,811892.0
61797,234,10457,Zip,NY,NY,New York,New York-Newark-Jersey City,Bronx County,191091.0,196619.0,201006.0,207097.0,207076.0,207502.0,208960.0,212280.0,215131.0,216801.0,218849.0,222316.0
61641,248,10027,Zip,NY,NY,New York,New York-Newark-Jersey City,New York County,695661.0,701900.0,712271.0,710671.0,715888.0,711625.0,704759.0,689958.0,665029.0,643922.0,624668.0,618534.0
62046,253,11236,Zip,NY,NY,New York,New York-Newark-Jersey City,Kings County,525933.0,528352.0,529330.0,531569.0,532948.0,534199.0,535229.0,535891.0,537595.0,537651.0,538339.0,539464.0
62084,279,11372,Zip,NY,NY,New York,New York-Newark-Jersey City,Queens County,393887.0,399548.0,400552.0,402226.0,401665.0,405518.0,407980.0,408544.0,407416.0,402795.0,400160.0,397616.0
62029,310,11218,Zip,NY,NY,New York,New York-Newark-Jersey City,Kings County,611592.0,625334.0,638132.0,649534.0,648671.0,643314.0,638147.0,634642.0,637523.0,633045.0,627129.0,619950.0
62034,317,11223,Zip,NY,NY,New York,New York-Newark-Jersey City,Kings County,772122.0,774475.0,776579.0,777071.0,777306.0,777357.0,779802.0,778720.0,776541.0,773992.0,772853.0,772951.0
61635,327,10021,Zip,NY,NY,New York,New York-Newark-Jersey City,New York County,1136186.0,1130169.0,1133892.0,1128227.0,1125371.0,1114901.0,1122078.0,1119768.0,1121770.0,1104697.0,1111231.0,1111534.0
62036,376,11225,Zip,NY,NY,New York,New York-Newark-Jersey City,Kings County,769662.0,776853.0,783546.0,787405.0,789274.0,783742.0,775102.0,764666.0,767110.0,770062.0,768763.0,762689.0
62019,376,11208,Zip,NY,NY,New York,New York-Newark-Jersey City,Kings County,537730.0,539476.0,541538.0,544955.0,549303.0,550664.0,549164.0,545774.0,544769.0,546284.0,548017.0,552359.0
62004,393,11101,Zip,NY,NY,New York,New York-Newark-Jersey City,Queens County,855326.0,858151.0,861830.0,863280.0,863001.0,862991.0,863015.0,861752.0,855014.0,848796.0,844481.0,845684.0
62015,416,11204,Zip,NY,NY,New York,New York-Newark-Jersey City,Kings County,882275.0,884210.0,885758.0,884302.0,882869.0,878055.0,875515.0,870538.0,865360.0,863095.0,859381.0,858949.0
62024,418,11213,Zip,NY,NY,New York,New York-Newark-Jersey City,Kings County,851813.0,848034.0,849326.0,852457.0,858053.0,855255.0,853481.0,844913.0,848198.0,848575.0,845763.0,841121.0
62030,427,11219,Zip,NY,NY,New York,New York-Newark-Jersey City,Kings County,790967.0,794258.0,793288.0,791350.0,789406.0,788753.0,787213.0,778779.0,769919.0,764390.0,758668.0,753047.0
61646,441,10032,Zip,NY,NY,New York,New York-Newark-Jersey City,New York County,614368.0,626069.0,649044.0,671247.0,692626.0,700717.0,706970.0,694546.0,679144.0,650425.0,643170.0,634752.0
62080,496,11368,Zip,NY,NY,New York,New York-Newark-Jersey City,Queens County,402174.0,403375.0,404629.0,404671.0,403554.0,403044.0,402701.0,402389.0,400417.0,399717.0,400292.0,404331.0
62014,501,11203,Zip,NY,NY,New York,New York-Newark-Jersey City,Kings County,543571.0,547505.0,552155.0,557530.0,561877.0,565501.0,567040.0,568419.0,572574.0,577227.0,582229.0,586830.0
62031,510,11220,Zip,NY,NY,New York,New York-Newark-Jersey City,Kings County,533420.0,533721.0,536993.0,537700.0,542118.0,542727.0,540960.0,536408.0,535426.0,533217.0,531371.0,530741.0
61645,514,10031,Zip,NY,NY,New York,New York-Newark-Jersey City,New York County,640029.0,629035.0,619460.0,610439.0,608136.0,608100.0,603890.0,602113.0,585912.0,570184.0,557095.0,556773.0
62027,516,11216,Zip,NY,NY,New York,New York-Newark-Jersey City,Kings County,1102005.0,1092569.0,1088925.0,1086925.0,1081361.0,1069895.0,1062402.0,1056926.0,1055602.0,1053065.0,1050314.0,1049931.0
62066,581,11354,Zip,NY,NY,New York,New York-Newark-Jersey City,Queens County,415783.0,416490.0,416845.0,415624.0,414488.0,413581.0,413466.0,413955.0,413721.0,413320.0,413170.0,413599.0
61628,605,10014,Zip,NY,NY,New York,New York-Newark-Jersey City,New York County,1374276.0,1345058.0,1332176.0,1307673.0,1270955.0,1236258.0,1232113.0,1228592.0,1231313.0,1222474.0,1222833.0,1215429.0
61791,656,10451,Zip,NY,NY,New York,New York-Newark-Jersey City,New York County,258443.0,269123.0,274100.0,280817.0,288936.0,295211.0,295261.0,296867.0,302247.0,304743.0,307121.0,305002.0
61806,700,10466,Zip,NY,NY,New York,New York-Newark-Jersey City,Bronx County,439269.0,442902.0,447610.0,451527.0,454136.0,457073.0,459768.0,461943.0,463328.0,465760.0,467463.0,471205.0
61800,712,10460,Zip,NY,NY,New York,New York-Newark-Jersey City,Bronx County,214988.0,215301.0,217025.0,219733.0,222259.0,226278.0,230054.0,232911.0,231873.0,231893.0,232741.0,235869.0
61650,727,10036,Zip,NY,NY,New York,New York-Newark-Jersey City,New York County,946227.0,941547.0,937630.0,928504.0,919421.0,911020.0,907804.0,904999.0,902211.0,894992.0,888425.0,881010.0
62086,732,11374,Zip,NY,NY,New York,New York-Newark-Jersey City,Queens County,406454.0,410368.0,415579.0,415654.0,417397.0,414470.0,408779.0,402962.0,399600.0,398879.0,394662.0,391644.0
61812,791,10472,Zip,NY,NY,New York,New York-Newark-Jersey City,Bronx County,307840.0,311819.0,318847.0,325645.0,328217.0,331162.0,332208.0,334248.0,334893.0,337948.0,339194.0,343059.0
61813,792,10473,Zip,NY,NY,New York,New York-Newark-Jersey City,Bronx County,338393.0,341788.0,347145.0,352075.0,354846.0,355878.0,357577.0,360197.0,362114.0,364273.0,364836.0,367151.0
62021,820,11210,Zip,NY,NY,New York,New York-Newark-Jersey City,Kings County,685253.0,688218.0,691539.0,691413.0,690306.0,689103.0,688389.0,687190.0,687748.0,690010.0,690998.0,694344.0
61647,822,10033,Zip,NY,NY,New York,New York-Newark-Jersey City,New York County,681745.0,671161.0,674248.0,663915.0,662326.0,652085.0,651673.0,646445.0,631895.0,612087.0,598660.0,591481.0
62120,858,11434,Zip,NY,NY,New York,New York-Newark-Jersey City,Queens County,391455.0,394120.0,396087.0,397113.0,397194.0,396454.0,395915.0,396180.0,394834.0,393807.0,391016.0,390554.0
62035,924,11224,Zip,NY,NY,New York,New York-Newark-Jersey City,Kings County,433817.0,436216.0,438625.0,441324.0,450252.0,459432.0,470580.0,466142.0,463129.0,454803.0,454164.0,447939.0
62179,947,11691,Zip,NY,NY,New York,New York-Newark-Jersey City,Queens County,504028.0,508425.0,511270.0,513622.0,516296.0,519874.0,521176.0,521230.0,518635.0,519654.0,521163.0,523132.0
61782,959,10306,Zip,NY,NY,New York,New York-Newark-Jersey City,Richmond County,584914.0,584897.0,582274.0,580065.0,578503.0,578284.0,578619.0,578034.0,579071.0,577844.0,576242.0,574384.0
61624,990,10010,Zip,NY,NY,New York,New York-Newark-Jersey City,New York County,962157.0,965775.0,960835.0,951403.0,945976.0,935235.0,928630.0,921315.0,912914.0,907949.0,906055.0,916672.0
61809,1071,10469,Zip,NY,NY,New York,New York-Newark-Jersey City,Bronx County,485018.0,489069.0,494301.0,498667.0,501255.0,502447.0,503664.0,504121.0,503701.0,506421.0,507861.0,512201.0
61788,1078,10312,Zip,NY,NY,New York,New York-Newark-Jersey City,Richmond County,575977.0,575999.0,573701.0,571677.0,571056.0,571469.0,572435.0,571783.0,573370.0,572226.0,571587.0,569119.0
61801,1167,10461,Zip,NY,NY,New York,New York-Newark-Jersey City,Bronx County,490697.0,494843.0,499838.0,503961.0,505244.0,506088.0,508155.0,510018.0,511697.0,516983.0,519475.0,525207.0
61636,1179,10022,Zip,NY,NY,New York,New York-Newark-Jersey City,New York County,1060276.0,1049949.0,1058944.0,1049719.0,1035383.0,1013722.0,1013905.0,1010067.0,1003376.0,991373.0,987016.0,1001251.0
62009,1182,11106,Zip,NY,NY,New York,New York-Newark-Jersey City,New York County,503624.0,508722.0,513215.0,512899.0,510095.0,508001.0,509481.0,513085.0,514383.0,514994.0,512481.0,511847.0
62033,1187,11222,Zip,NY,NY,New York,New York-Newark-Jersey City,Kings County,1054066.0,1052602.0,1053459.0,1051032.0,1052332.0,1049794.0,1048882.0,1045615.0,1047187.0,1045903.0,1040709.0,1036259.0
62118,1271,11432,Zip,NY,NY,New York,New York-Newark-Jersey City,Queens County,637557.0,639936.0,641573.0,642140.0,642504.0,644029.0,644815.0,643759.0,638528.0,636580.0,635318.0,634687.0
61815,1310,10475,Zip,NY,NY,New York,New York-Newark-Jersey City,Bronx County,369910.0,373840.0,379361.0,384262.0,387595.0,388543.0,391418.0,393977.0,396843.0,399387.0,399916.0,401428.0
62028,1384,11217,Zip,NY,NY,New York,New York-Newark-Jersey City,Kings County,1150196.0,1151138.0,1155175.0,1153521.0,1152977.0,1152586.0,1151545.0,1146452.0,1144896.0,1138810.0,1120370.0,1101619.0
399545,1478,10065,Zip,NY,NY,New York,New York-Newark-Jersey City,New York County,1306868.0,1294620.0,1296287.0,1298830.0,1303529.0,1307744.0,1314998.0,1316415.0,1309278.0,1301492.0,1310585.0,1328468.0
62016,1539,11205,Zip,NY,NY,New York,New York-Newark-Jersey City,Kings County,806988.0,806249.0,809346.0,812090.0,814711.0,817579.0,819612.0,820396.0,818845.0,820393.0,812652.0,807728.0
61799,1574,10459,Zip,NY,NY,New York,New York-Newark-Jersey City,Bronx County,349434.0,350601.0,352531.0,355600.0,355288.0,357045.0,359570.0,363900.0,366434.0,369316.0,372797.0,379656.0
61654,1578,10040,Zip,NY,NY,New York,New York-Newark-Jersey City,New York County,576311.0,566829.0,561527.0,563386.0,565170.0,570106.0,570364.0,569739.0,560061.0,548937.0,535105.0,521869.0
61615,1588,10001,Zip,NY,NY,New York,New York-Newark-Jersey City,New York County,1134461.0,1132005.0,1156342.0,1153644.0,1146143.0,1149311.0,1148296.0,1138328.0,1121336.0,1102131.0,1079431.0,1063286.0
62121,1713,11435,Zip,NY,NY,New York,New York-Newark-Jersey City,Queens County,338708.0,339358.0,339964.0,340729.0,344256.0,348164.0,349848.0,350436.0,348452.0,347297.0,346117.0,344805.0
62058,1797,11249,Zip,NY,NY,New York,New York-Newark-Jersey City,Kings County,1233401.0,1233990.0,1238324.0,1235727.0,1240946.0,1242267.0,1245633.0,1246638.0,1240160.0,1240258.0,1234017.0,1237847.0
61648,1808,10034,Zip,NY,NY,New York,New York-Newark-Jersey City,New York County,443820.0,449750.0,456759.0,461199.0,461333.0,453887.0,452116.0,448353.0,443843.0,436209.0,433382.0,430002.0
61640,1957,10026,Zip,NY,NY,New York,New York-Newark-Jersey City,New York County,897518.0,895601.0,895632.0,892381.0,892221.0,887112.0,882057.0,874996.0,869363.0,864444.0,860947.0,858748.0
62047,2016,11237,Zip,NY,NY,New York,New York-Newark-Jersey City,Kings County,850811.0,847766.0,848749.0,849405.0,846343.0,842000.0,846462.0,850885.0,851380.0,854934.0,853950.0,860162.0
62005,2054,11102,Zip,NY,NY,New York,New York-Newark-Jersey City,New York County,630721.0,631579.0,634715.0,633429.0,632613.0,629045.0,628617.0,628639.0,628148.0,626121.0,624330.0,623604.0
62006,2121,11103,Zip,NY,NY,New York,New York-Newark-Jersey City,Queens County,722258.0,723933.0,726885.0,729759.0,729635.0,728031.0,726213.0,727647.0,729668.0,733342.0,733804.0,734212.0
61627,2135,10013,Zip,NY,NY,New York,New York-Newark-Jersey City,New York County,3068816.0,3058990.0,3042552.0,3021551.0,3001546.0,2996386.0,3018292.0,3026403.0,3015391.0,2995973.0,2986002.0,2968685.0
62041,2137,11231,Zip,NY,NY,New York,New York-Newark-Jersey City,Kings County,1366188.0,1364103.0,1365552.0,1365090.0,1364884.0,1361466.0,1358401.0,1351133.0,1349783.0,1345561.0,1339622.0,1333174.0
62077,2154,11365,Zip,NY,NY,New York,New York-Newark-Jersey City,Queens County,703853.0,705130.0,707090.0,706785.0,706660.0,704787.0,703699.0,701205.0,697730.0,695269.0,693169.0,691778.0
62079,2222,11367,Zip,NY,NY,New York,New York-Newark-Jersey City,Queens County,410853.0,411598.0,413230.0,413720.0,413369.0,412217.0,410888.0,410260.0,408410.0,407750.0,407941.0,408675.0
61649,2231,10035,Zip,NY,NY,New York,New York-Newark-Jersey City,New York County,740235.0,722728.0,703917.0,694233.0,694190.0,692203.0,685649.0,680855.0,679109.0,677951.0,668263.0,660876.0
61780,2309,10304,Zip,NY,NY,New York,New York-Newark-Jersey City,Richmond County,565573.0,565220.0,561676.0,559033.0,556585.0,557090.0,556524.0,555116.0,555807.0,555468.0,553942.0,550851.0
61795,2373,10455,Zip,NY,NY,New York,New York-Newark-Jersey City,Bronx County,328600.0,333347.0,338598.0,342529.0,339150.0,337950.0,340105.0,347758.0,353865.0,357500.0,360747.0,367904.0
61777,2459,10301,Zip,NY,NY,New York,New York-Newark-Jersey City,Richmond County,570751.0,569896.0,565855.0,561969.0,558766.0,557689.0,556587.0,554913.0,555875.0,557230.0,557855.0,556306.0
399546,2485,10075,Zip,NY,NY,New York,New York-Newark-Jersey City,New York County,972676.0,965351.0,971956.0,964876.0,962642.0,945572.0,945789.0,944103.0,951162.0,939850.0,941586.0,946094.0
61626,2605,10012,Zip,NY,NY,New York,New York-Newark-Jersey City,New York County,2066546.0,2113131.0,2135288.0,2112423.0,2074444.0,2060231.0,2089225.0,2089160.0,2079157.0,2082410.0,2110366.0,2116814.0
62069,2809,11357,Zip,NY,NY,New York,New York-Newark-Jersey City,Queens County,830641.0,832389.0,832165.0,829706.0,827974.0,824408.0,820761.0,817333.0,814020.0,812239.0,807305.0,803882.0
61794,2849,10454,Zip,NY,NY,New York,New York-Newark-Jersey City,New York County,539790.0,562961.0,584589.0,601959.0,604775.0,611347.0,617242.0,624645.0,626258.0,630758.0,630491.0,637104.0
61781,2901,10305,Zip,NY,NY,New York,New York-Newark-Jersey City,Richmond County,563653.0,562273.0,559024.0,556018.0,554517.0,554859.0,553722.0,551784.0,551540.0,550683.0,548252.0,545294.0
62008,3098,11105,Zip,NY,NY,New York,New York-Newark-Jersey City,New York County,902061.0,906318.0,911713.0,915337.0,919483.0,918669.0,918873.0,915650.0,914835.0,912567.0,911221.0,914117.0
61805,3121,10465,Zip,NY,NY,New York,New York-Newark-Jersey City,Bronx County,471285.0,475256.0,481117.0,485846.0,490016.0,491978.0,493891.0,494547.0,493573.0,496426.0,495797.0,498389.0
62076,3171,11364,Zip,NY,NY,New York,New York-Newark-Jersey City,Queens County,501903.0,502787.0,503391.0,502070.0,500566.0,498567.0,498283.0,498565.0,497479.0,496452.0,495124.0,494437.0
61652,3233,10038,Zip,NY,NY,New York,New York-Newark-Jersey City,New York County,1338940.0,1337913.0,1350721.0,1358179.0,1358493.0,1360530.0,1363253.0,1370684.0,1370081.0,1366884.0,1350720.0,1313035.0
62070,3506,11358,Zip,NY,NY,New York,New York-Newark-Jersey City,Queens County,907428.0,907400.0,907635.0,906528.0,906051.0,903793.0,901992.0,899638.0,896318.0,894779.0,890788.0,887829.0
61644,3525,10030,Zip,NY,NY,New York,New York-Newark-Jersey City,New York County,753274.0,751484.0,752513.0,750988.0,753512.0,756124.0,756554.0,760449.0,758587.0,763746.0,765868.0,769990.0
62007,3574,11104,Zip,NY,NY,New York,New York-Newark-Jersey City,Queens County,396564.0,408674.0,410093.0,421412.0,423302.0,432614.0,434333.0,441080.0,453578.0,464930.0,472144.0,473436.0
61631,3913,10017,Zip,NY,NY,New York,New York-Newark-Jersey City,New York County,742865.0,733183.0,734903.0,742480.0,755081.0,756995.0,760857.0,751976.0,740669.0,723586.0,713609.0,716525.0
61653,3958,10039,Zip,NY,NY,New York,New York-Newark-Jersey City,New York County,858684.0,837121.0,813601.0,803076.0,810878.0,809253.0,793917.0,769646.0,734606.0,706307.0,673876.0,640823.0
62038,4134,11228,Zip,NY,NY,New York,New York-Newark-Jersey City,Kings County,962622.0,964903.0,965091.0,961008.0,958915.0,954705.0,955475.0,952796.0,950251.0,946939.0,943628.0,942481.0
62090,4200,11379,Zip,NY,NY,New York,New York-Newark-Jersey City,Queens County,753673.0,754293.0,756075.0,755903.0,757123.0,756216.0,754734.0,752544.0,748923.0,748726.0,747725.0,747199.0
62099,4385,11413,Zip,NY,NY,New York,New York-Newark-Jersey City,Queens County,531122.0,533603.0,536792.0,537861.0,539263.0,539207.0,538582.0,538443.0,536461.0,536732.0,536837.0,538475.0
61651,4516,10037,Zip,NY,NY,New York,New York-Newark-Jersey City,New York County,425771.0,406852.0,392891.0,384197.0,385649.0,381407.0,376760.0,372910.0,370671.0,371716.0,372606.0,376663.0
62106,4719,11420,Zip,NY,NY,New York,New York-Newark-Jersey City,Queens County,553004.0,556717.0,557942.0,558568.0,560714.0,562605.0,563545.0,564031.0,564273.0,565857.0,566920.0,567092.0
62100,4821,11414,Zip,NY,NY,New York,New York-Newark-Jersey City,Queens County,457351.0,461101.0,463606.0,465369.0,466084.0,466068.0,466399.0,467534.0,469760.0,473531.0,475026.0,474577.0
61785,4952,10309,Zip,NY,NY,New York,New York-Newark-Jersey City,Richmond County,614279.0,614394.0,611898.0,609594.0,608163.0,607837.0,608203.0,607821.0,609477.0,608354.0,607981.0,605514.0
62098,5130,11412,Zip,NY,NY,New York,New York-Newark-Jersey City,Queens County,537952.0,539848.0,542222.0,543982.0,544943.0,544609.0,544275.0,544226.0,543251.0,544652.0,545423.0,545298.0
62073,5133,11361,Zip,NY,NY,New York,New York-Newark-Jersey City,Queens County,810511.0,810790.0,811777.0,810542.0,810591.0,808390.0,806405.0,802715.0,797042.0,792907.0,787129.0,783200.0
61811,5209,10471,Zip,NY,NY,New York,New York-Newark-Jersey City,Bronx County,306872.0,313418.0,318921.0,322760.0,324967.0,326277.0,328413.0,330339.0,327059.0,324395.0,320408.0,320861.0
62089,5391,11378,Zip,NY,NY,New York,New York-Newark-Jersey City,Queens County,718542.0,718797.0,720018.0,720190.0,719840.0,718709.0,718438.0,718219.0,716621.0,716186.0,714208.0,714096.0
62107,5414,11421,Zip,NY,NY,New York,New York-Newark-Jersey City,Queens County,591924.0,591005.0,589740.0,588974.0,590193.0,590670.0,590651.0,590673.0,588736.0,588204.0,586751.0,587963.0
62105,5538,11419,Zip,NY,NY,New York,New York-Newark-Jersey City,Queens County,570233.0,575241.0,578651.0,579220.0,582220.0,583921.0,585341.0,585051.0,582987.0,583705.0,583094.0,583483.0
62119,5589,11433,Zip,NY,NY,New York,New York-Newark-Jersey City,Queens County,519572.0,519917.0,519761.0,518955.0,518008.0,515296.0,511962.0,509728.0,508216.0,511068.0,512756.0,514366.0
62072,5676,11360,Zip,NY,NY,New York,New York-Newark-Jersey City,Queens County,496252.0,497291.0,498937.0,498465.0,497544.0,495588.0,494062.0,492694.0,489929.0,487879.0,484408.0,483675.0
61784,5735,10308,Zip,NY,NY,New York,New York-Newark-Jersey City,Richmond County,558399.0,557743.0,554861.0,552983.0,552878.0,553460.0,554349.0,554039.0,556077.0,555682.0,554636.0,552905.0
62104,5756,11418,Zip,NY,NY,New York,New York-Newark-Jersey City,Queens County,590923.0,591845.0,592986.0,593547.0,595624.0,594316.0,592261.0,589505.0,587775.0,588953.0,587371.0,586473.0
62101,5769,11415,Zip,NY,NY,New York,New York-Newark-Jersey City,Queens County,298671.0,300311.0,299976.0,299089.0,298271.0,296965.0,293879.0,292688.0,292001.0,293108.0,293912.0,293157.0
62109,6259,11423,Zip,NY,NY,New York,New York-Newark-Jersey City,Queens County,587800.0,591827.0,594994.0,595824.0,597214.0,597015.0,597032.0,596354.0,593669.0,594576.0,594091.0,595177.0
62081,6436,11369,Zip,NY,NY,New York,New York-Newark-Jersey City,Queens County,652332.0,653283.0,653631.0,652419.0,651002.0,653113.0,657055.0,660230.0,658263.0,657020.0,656610.0,658960.0
61786,6442,10310,Zip,NY,NY,New York,New York-Newark-Jersey City,Richmond County,551155.0,550826.0,545813.0,541371.0,539846.0,539809.0,540196.0,537542.0,538335.0,537872.0,538263.0,535327.0
61779,6481,10303,Zip,NY,NY,New York,New York-Newark-Jersey City,Richmond County,397963.0,398422.0,397514.0,396610.0,394694.0,394146.0,392672.0,392016.0,391986.0,391522.0,390416.0,388479.0
62049,6502,11239,Zip,NY,NY,New York,New York-Newark-Jersey City,Kings County,467556.0,474312.0,490340.0,504648.0,521599.0,525515.0,527812.0,526398.0,534608.0,539480.0,544496.0,547387.0
62182,6529,11694,Zip,NY,NY,New York,New York-Newark-Jersey City,Queens County,593456.0,597212.0,600617.0,602519.0,604116.0,605181.0,606490.0,606798.0,605268.0,604727.0,603487.0,601705.0
62108,6570,11422,Zip,NY,NY,New York,New York-Newark-Jersey City,Queens County,527945.0,532609.0,536128.0,536838.0,537520.0,538348.0,537974.0,537852.0,535043.0,533834.0,532308.0,530731.0
62042,6606,11232,Zip,NY,NY,New York,New York-Newark-Jersey City,Kings County,600933.0,604132.0,604068.0,603980.0,607104.0,608145.0,608011.0,607786.0,610363.0,612927.0,611520.0,610524.0
62103,6841,11417,Zip,NY,NY,New York,New York-Newark-Jersey City,Queens County,582373.0,586715.0,588942.0,589496.0,591133.0,591213.0,589459.0,588462.0,587644.0,590159.0,590605.0,590312.0
62113,6886,11427,Zip,NY,NY,New York,New York-Newark-Jersey City,Queens County,607735.0,609935.0,611863.0,612585.0,613504.0,612574.0,611846.0,611460.0,610839.0,612277.0,611526.0,612061.0
62180,7098,11692,Zip,NY,NY,New York,New York-Newark-Jersey City,Queens County,239381.0,238438.0,237063.0,237235.0,236807.0,236746.0,240108.0,241420.0,241317.0,239529.0,238403.0,236168.0
62082,7324,11370,Zip,NY,NY,New York,New York-Newark-Jersey City,Queens County,696968.0,697701.0,698391.0,697410.0,696962.0,696214.0,697072.0,697653.0,697910.0,697574.0,697398.0,696113.0
61632,7494,10018,Zip,NY,NY,New York,New York-Newark-Jersey City,New York County,1182169.0,1162991.0,1154372.0,1144964.0,1136949.0,1130915.0,1133731.0,1132726.0,1130080.0,1125943.0,1125596.0,1129325.0
62068,7633,11356,Zip,NY,NY,New York,New York-Newark-Jersey City,Queens County,753401.0,753409.0,752663.0,749441.0,745123.0,740933.0,738522.0,735801.0,731703.0,727680.0,721707.0,717274.0
61619,7711,10005,Zip,NY,NY,New York,New York-Newark-Jersey City,New York County,1222754.0,1212762.0,1208157.0,1201825.0,1196866.0,1191697.0,1185102.0,1177466.0,1166266.0,1156435.0,1148449.0,1141480.0
62115,7895,11429,Zip,NY,NY,New York,New York-Newark-Jersey City,Queens County,534030.0,535218.0,538572.0,541473.0,543998.0,544627.0,543262.0,542836.0,542890.0,545078.0,546759.0,546433.0
62074,8062,11362,Zip,NY,NY,New York,New York-Newark-Jersey City,Queens County,588234.0,588062.0,588375.0,586772.0,586554.0,585287.0,584829.0,583864.0,579628.0,576763.0,573423.0,573566.0
62097,8120,11411,Zip,NY,NY,New York,New York-Newark-Jersey City,Queens County,527187.0,527875.0,528436.0,527216.0,525044.0,522517.0,520295.0,520045.0,520596.0,522374.0,524370.0,524603.0
61810,8141,10470,Zip,NY,NY,New York,New York-Newark-Jersey City,Bronx County,338162.0,343152.0,348899.0,352543.0,351889.0,352294.0,353873.0,356133.0,358777.0,363590.0,368123.0,373570.0
62112,8198,11426,Zip,NY,NY,New York,New York-Newark-Jersey City,Queens County,615135.0,616826.0,618175.0,619560.0,621929.0,622185.0,622832.0,621395.0,620203.0,618638.0,617490.0,617365.0
61778,8346,10302,Zip,NY,NY,New York,New York-Newark-Jersey City,Richmond County,476710.0,478222.0,476796.0,472412.0,468107.0,464996.0,463363.0,460703.0,460099.0,458134.0,457176.0,454626.0
62114,8554,11428,Zip,NY,NY,New York,New York-Newark-Jersey City,Queens County,586978.0,589658.0,591695.0,592699.0,592535.0,591307.0,589346.0,589539.0,588579.0,592140.0,592673.0,593325.0
61657,8684,10044,Zip,NY,NY,New York,New York-Newark-Jersey City,New York County,958990.0,953597.0,953160.0,954410.0,955166.0,951766.0,949472.0,946621.0,943790.0,937913.0,932121.0,924592.0
62181,8812,11693,Zip,NY,NY,New York,New York-Newark-Jersey City,Queens County,296205.0,298716.0,298678.0,297267.0,297415.0,295885.0,301015.0,302919.0,305832.0,303171.0,301064.0,299591.0
61979,8912,11004,Zip,NY,NY,New York,New York-Newark-Jersey City,Queens County,384601.0,384847.0,384336.0,384240.0,385450.0,387658.0,388043.0,386615.0,382148.0,381154.0,379902.0,382309.0
61771,9113,10280,Zip,NY,NY,New York,New York-Newark-Jersey City,New York County,952683.0,944136.0,940244.0,934823.0,929839.0,921975.0,915986.0,910064.0,902622.0,895439.0,892877.0,890912.0
62102,9277,11416,Zip,NY,NY,New York,New York-Newark-Jersey City,Queens County,592535.0,592448.0,592813.0,592597.0,592532.0,592007.0,589934.0,589243.0,587665.0,589542.0,589619.0,590768.0
62122,9306,11436,Zip,NY,NY,New York,New York-Newark-Jersey City,Queens County,512716.0,515785.0,517766.0,519317.0,520164.0,519506.0,518375.0,516785.0,515895.0,518243.0,519996.0,520336.0
62078,9616,11366,Zip,NY,NY,New York,New York-Newark-Jersey City,Queens County,908920.0,908955.0,910541.0,908909.0,909135.0,906906.0,905255.0,902572.0,898354.0,898174.0,895254.0,894548.0
61783,9770,10307,Zip,NY,NY,New York,New York-Newark-Jersey City,Richmond County,647494.0,648668.0,648056.0,644457.0,642109.0,638463.0,636933.0,635034.0,637772.0,637467.0,637303.0,634377.0
61664,10217,10069,Zip,NY,NY,New York,New York-Newark-Jersey City,New York County,2064210.0,2057812.0,2053263.0,2039883.0,2025504.0,2012238.0,2009424.0,2011562.0,2007129.0,2002043.0,1994592.0,1992594.0
61621,10702,10007,Zip,NY,NY,New York,New York-Newark-Jersey City,New York County,2844028.0,2833404.0,2821428.0,2806808.0,2792601.0,2780118.0,2781811.0,2777486.0,2775061.0,2759170.0,2751592.0,2732512.0
61773,11873,10282,Zip,NY,NY,New York,New York-Newark-Jersey City,New York County,2477888.0,2463114.0,2438416.0,2412304.0,2396330.0,2382213.0,2376290.0,2361014.0,2355146.0,2338649.0,2322616.0,2300518.0
62075,12001,11363,Zip,NY,NY,New York,New York-Newark-Jersey City,Queens County,964283.0,962182.0,961091.0,956881.0,954025.0,948358.0,943128.0,937752.0,932554.0,931084.0,927562.0,926177.0
61620,12012,10006,Zip,NY,NY,New York,New York-Newark-Jersey City,New York County,900325.0,894054.0,887083.0,880041.0,871865.0,866550.0,863431.0,864831.0,861343.0,853048.0,838714.0,827888.0
61618,12821,10004,Zip,NY,NY,New York,New York-Newark-Jersey City,New York County,1240677.0,1225834.0,1213227.0,1203272.0,1189623.0,1190499.0,1185101.0,1154705.0,1111125.0,1087830.0,1081462.0,1089141.0
61804,13738,10464,Zip,NY,NY,New York,New York-Newark-Jersey City,Bronx County,515063.0,519834.0,524861.0,528307.0,532024.0,534416.0,533348.0,528900.0,524641.0,526345.0,525321.0,525824.0
62116,25178,11430,Zip,NY,NY,New York,New York-Newark-Jersey City,Queens County,625519.0,627819.0,630140.0,629754.0,631187.0,631922.0,634997.0,637061.0,632052.0,627413.0,622278.0,623476.0
62053,28731,11243,Zip,NY,NY,New York,New York-Newark-Jersey City,Kings County,1503760.0,1500370.0,1498751.0,1492367.0,1490965.0,1490846.0,1495628.0,1493229.0,1490081.0,1483255.0,1478385.0,1474234.0
61634,34430,10020,Zip,NY,NY,New York,New York-Newark-Jersey City,New York County,475317.0,468567.0,462057.0,458196.0,453053.0,450954.0,451062.0,455135.0,456163.0,453642.0,450880.0,452221.0
61694,34430,10118,Zip,NY,NY,New York,New York-Newark-Jersey City,New York County,2585370.0,2545419.0,2486305.0,2440384.0,2394115.0,2368100.0,2358983.0,2369192.0,2388047.0,2396980.0,2425406.0,2456325.0
